Workbook

Sheet Produto
A1: id_produto | B1: produto | C1: categoria | D1: valor
A2: 1 | B2: Notebook | C2: Eletrônicos | D2: 4000
A3: 2 | B3: Cadeira Gamer | C3: Móveis | D3: 1000
A4: 3 | B4: Mesa | C4: Móveis | D4: 800
A5: 4 | B5: Headset | C5: Acessórios | D5: 150
A6: 5 | B6: Monitor | C6: Eletrônicos | D6: 3000
A7: 6 | B7: Mouse | C7: Acessórios | D7: 150
A8: 7 | B8: Teclado | C8: Acessórios | D8: 150
A9: 8 | B9: WebCam | C9: Acessórios | D9: 100
A10: 9 | B10: Smartphone | C10: Eletrônicos | D10: 3000

Sheet Venda
A1: ID da venda | B1: data | C1: produto | D1: categoria | E1: quantidade | F1: Valor | G1: estado do cliente
A2: 1 | B2: 46027 | C2: Notebook | D2: Eletrônicos | E2: 2 | F2: =SUM(E2*Produto!D2) -> 8000 | G2: SP
A3: 2 | B3: 46030 | C3: Smartphone | D3: Eletrônicos | E3: 4 | F3: =SUM(E3*Produto!D10) -> 12000 | G3: RJ
A4: 3 | B4: 46034 | C4: Monitor | D4: Eletrônicos | E4: 3 | F4: =SUM(E4*Produto!D7) -> 450 | G4: MG
A5: 4 | B5: 46037 | C5: Teclado | D5: Acessórios | E5: 10 | F5: =SUM(E5*Produto!D8) -> 1500 | G5: SP
A6: 5 | B6: 46040 | C6: Mouse | D6: Acessórios | E6: 15 | F6: =SUM(E6*Produto!D7) -> 2250 | G6: RS
A7: 6 | B7: 46044 | C7: Cadeira Gamer | D7: Móveis | E7: 2 | F7: =SUM(E7*Produto!D3) -> 2000 | G7: PR
A8: 7 | B8: 46047 | C8: Mesa | D8: Escritório | E8: 5 | F8: =SUM(E8*Produto!D4) -> 4000 | G8: SP
A9: 8 | B9: 46054 | C9: Notebook | D9: Eletrônicos | E9: 1 | F9: =SUM(E9*Produto!D2) -> 4000 | G9: RJ
A10: 9 | B10: 46057 | C10: Headset | D10: Acessórios | E10: 8 | F10: =SUM(E10*Produto!D5) -> 1200 | G10: MG
A11: 10 | B11: 46062 | C11: Smartphone | D11: Eletrônicos | E11: 3 | F11: =SUM(E11*Produto!D10) -> 9000 | G11: SP
A12: 11 | B12: 46065 | C12: Monitor | D12: Eletrônicos | E12: 2 | F12: =SUM(E12*Produto!D6) -> 6000 | G12: SC
A13: 12 | B13: 46068 | C13: WebCam | D13: Acessórios | E13: 6 | F13: =SUM(E13*Produto!D9) -> 600 | G13: RJ
A14: 13 | B14: 46073 | C14: Cadeira Gamer | D14: Móveis | E14: 3 | F14: =SUM(E14*Produto!D3) -> 3000 | G14: SP
A15: 14 | B15: 46077 | C15: Teclado | D15: Acessórios | E15: 7 | F15: =SUM(E15*Produto!D8) -> 1050 | G15: MG
A16: 15 | B16: 46083 | C16: Mouse | D16: Acessórios | E16: 12 | F16: =SUM(E16*Produto!D7) -> 1800 | G16: PR
A17: 16 | B17: 46086 | C17: Notebook | D17: Eletrônicos | E17: 3 | F17: =SUM(E17*Produto!D2) -> 12000 | G17: SP
A18: 17 | B18: 46091 | C18: Smartphone | D18: Eletrônicos | E18: 2 | F18: =SUM(E18*Produto!D10) -> 6000 | G18: RS
A19: 18 | B19: 46095 | C19: Headset | D19: Acessórios | E19: 5 | F19: =SUM(E19*Produto!D5) -> 750 | G19: SP
A20: 19 | B20: 46099 | C20: Mesa | D20: Escritório | E20: 8 | F20: =SUM(E20*Produto!D4) -> 6400 | G20: RJ
A21: 20 | B21: 46103 | C21: Monitor | D21: Eletrônicos | E21: 4 | F21: =SUM(E21*Produto!D6) -> 12000 | G21: SP
A22: 21 | B22: 46113 | C22: WebCam | D22: Acessórios | E22: 4 | F22: =SUM(E22*Produto!D9) -> 400 | G22: MG
A23: 22 | B23: 46117 | C23: Teclado | D23: Acessórios | E23: 6 | F23: =SUM(E23*Produto!D8) -> 900 | G23: SC
A24: 23 | B24: 46121 | C24: Cadeira Gamer | D24: Móveis | E24: 1 | F24: =SUM(E24*Produto!D3) -> 1000 | G24: SP
A25: 24 | B25: 46124 | C25: Notebook | D25: Eletrônicos | E25: 2 | F25: =SUM(E25*Produto!D2) -> 8000 | G25: RJ
A26: 25 | B26: 46129 | C26: Smartphone | D26: Eletrônicos | E26: 5 | F26: =SUM(E26*Produto!D10) -> 15000 | G26: SP
A27: 26 | B27: 46133 | C27: Mouse | D27: Acessórios | E27: 10 | F27: =SUM(E27*Produto!D7) -> 1500 | G27: MG
A28: 27 | B28: 46137 | C28: Headset | D28: Acessórios | E28: 4 | F28: =SUM(E28*Produto!D5) -> 600 | G28: PR
A29: 28 | B29: 46144 | C29: Monitor | D29: Eletrônicos | E29: 2 | F29: =SUM(E29*Produto!D6) -> 6000 | G29: SP
A30: 29 | B30: 46150 | C30: WebCam | D30: Acessórios | E30: 5 | F30: =SUM(E30*Produto!D9) -> 500 | G30: RS
A31: 30 | B31: 46154 | C31: Cadeira Gamer | D31: Móveis | E31: 2 | F31: =SUM(E31*Produto!D3) -> 2000 | G31: SP
